Chamber Italian,117
Bright Encounters,73
Academy Dinosaur,86
Affair Prejudice,117
African Egg,130
Agent Truman,169
Airplane Sierra,62
Alabama Devil,114
Aladdin Calendar,63
Alamo Videotape,126
Alaska Phantom,136
Date Speed,104
Ali Forever,150
Alice Fantasia,94
Alley Evolution,180
Alone Trip,82
Amadeus Holy,113
Amelie Hellfighters,79
American Circus,129
Amistad Midsummer,85
Anaconda Confessions,92
Analyze Hoosiers,181
Angels Life,74
Annie Identity,86
Anonymous Human,179
Anthem Luke,91
Antitrust Tomatoes,168
Anything Savannah,82
Apache Divine,92
Apocalypse Flamingos,119
Apollo Teen,153
Arabia Dogma,62
Arachnophobia Rollercoaster,147
Argonauts Town,127
Arizona Bang,121
Ark Ridgemont,68
Armageddon Lost,99
Army Flintstones,148
Arsenic Independence,137
Artist Coldblooded,170
Dying Maker,168
Atlantis Cause,170
Attacks Hate,113
Attraction Newton,83
Autumn Crow,108
Baby Hall,153
Backlash Undefeated,118
Badman Dawn,162
Baked Cleopatra,182
Casualties Encino,179
Balloon Homeward,75
Ballroom Mockingbird,173
Bang Kwai,87
Banger Pinocchio,113
Barbarella Streetcar,65
Barefoot Manchurian,129
Basic Easy,90
Beach Heartbreakers,122
Bear Graceland,160
Beast Hunchback,89
Beauty Grease,175
Bed Highball,106
Bedazzled Married,73
Beethoven Exorcist,151
Behavior Runaway,100
Berets Agent,77
Betrayed Rear,122
Beverly Outlaw,85
Bikini Borrowers,142
Bilko Anonymous,100
Bill Others,93
Bingo Talented,150
Birch Antitrust,162
Bird Independence,163
Birdcage Casper,103
Birds Perdition,61
Blackout Private,85
Blade Polish,114
Blanket Beverly,148
Blindness Gun,103
Blood Argonauts,71
Boiled Dares,102
Bonnie Holocaust,63
Boogie Amelie,121
Boondock Ballroom,76
Born Spinal,179
Borrowers Bedazzled,63
Boulevard Mob,63
Bound Cheaper,98
Bowfinger Gables,72
Brannigan Sunrise,121
Braveheart Human,176
Breakfast Goldfinger,123
Breaking Home,169
Bringing Hysterical,136
Brooklyn Desert,161
Brotherhood Blanket,73
Bucket Brotherhood,133
Bugsy Song,119
Bull Shawshank,125
Bulworth Commandments,61
Bunch Minds,63
Butch Panther,67
Butterfly Chocolat,89
Calendar Gunfight,120
California Birds,75
Camelot Vacation,61
Campus Remember,167
Candidate Perdition,70
Candles Grapes,135
Canyon Stock,85
Caper Motions,176
Caribbean Liberty,92
Carol Texas,151
Carrie Bunch,114
Casablanca Super,85
Casper Dragonfly,163
Cassidy Wyoming,61
Cat Coneheads,112
Catch Amistad,183
Cause Date,179
Celebrity Horn,110
Center Dinosaur,152
Chainsaw Uptown,114
Chance Resurrection,70
Clash Freddy,81
Chaplin License,146
Charade Duffel,66
Chariots Conspiracy,71
Chasing Fight,114
Cheaper Clyde,87
Chicago North,185
Chicken Hellfighters,122
Chill Luck,142
Chinatown Gladiator,61
Chisum Behavior,124
Chitty Lock,107
Chocolat Harry,101
Chocolate Duck,132
Christmas Moonshine,150
Cider Desire,101
Cincinatti Whisperer,143
Circus Youth,90
Citizen Shrek,165
Cleopatra Devil,150
Clerks Angels,164
Clockwork Paradise,143
Clones Pinocchio,124
Club Graffiti,65
Clue Grail,70
Clueless Bucket,95
Clyde Theory,139
Core Suit,92
Coldblooded Darling,70
Color Philadelphia,149
Coma Head,109
Comancheros Enemy,67
Comforts Rush,76
Command Darling,120
Coneheads Smoochy,112
Confessions Maguire,65
Confidential Interview,180
Confused Candles,122
Congeniality Quest,87
Connecticut Tramp,172
Connection Microcosmos,115
Conquerer Nuts,173
Conspiracy Spirit,184
Contact Anonymous,166
Control Anthem,185
Conversation Downhill,112
Cowboy Doom,146
Craft Outfield,64
Crazy Home,136
Creatures Shakespeare,139
Creepers Kane,172
Crooked Frogmen,143
Crossroads Casualties,153
Crow Grease,104
Crowds Telemark,112
Cruelty Unforgiven,69
Crusade Honey,112
Crystal Breaking,184
Curtain Videotape,133
Cyclone Family,176
Daddy Pittsburgh,161
Daisy Menagerie,84
Dalmations Sweden,106
Dancing Fever,144
Dangerous Uptown,121
Dares Pluto,89
Darkness War,99
Darko Dorado,130
Darling Breaking,165
Darn Forrester,185
Day Unfaithful,113
Dazed Punk,120
Deceiver Betrayed,122
Deer Virginian,106
Deliverance Mulholland,100
Desert Poseidon,64
Desire Alien,76
Desperate Trainspotting,81
Destination Jerk,76
Details Packer,88
Detective Vision,143
Devil Desire,87
Diary Panic,107
Dinosaur Secretary,63
Dirty Ace,147
Disciple Mother,141
Disturbing Scarface,94
Divide Monster,68
Divine Resurrection,100
Dogma Family,122
Dolls Rage,120
Donnie Alley,125
Doom Dancing,68
Dorado Notting,139
Double Wrath,177
Doubtfire Labyrinth,154
Dozen Lion,177
Dracula Crystal,176
Dragon Squad,170
Dragonfly Strangers,133
Dream Pickup,135
Drifter Commandments,61
Driver Annie,159
Driving Polish,175
Drop Waterfront,178
Drumline Cyclone,110
Drums Dynamite,96
Duck Racer,116
Dude Blindness,132
Duffel Apocalypse,171
Dumbo Lust,119
Durham Panky,154
Dwarfs Alter,101
Dynamite Tarzan,141
Eagles Panky,140
Early Home,96
Earring Instinct,98
Earth Vision,85
Easy Gladiator,148
Edge Kissing,153
Effect Gladiator,107
Egg Igby,67
Egypt Tenenbaums,85
Element Freddy,115
Elephant Trojan,126
Elf Murder,155
Elizabeth Shane,152
Empire Malkovich,177
Encino Elf,143
Encounters Curtain,92
Ending Crowds,85
Enemy Odds,77
Enough Raging,158
Entrapment Satisfaction,176
Escape Metropolis,167
Eve Resurrection,66
Everyone Craft,163
Evolution Alter,174
Exorcist Sting,167
Expecations Natural,138
Expendable Stallion,97
Express Lonely,178
Extraordinary Conquerer,122
Eyes Driving,172
Factory Dragon,144
Falcon Volume,102
Family Sweet,155
Fantasia Park,131
Fargo Gandhi,130
Fatal Haunted,91
Feathers Metal,104
Fellowship Autumn,77
Ferris Mother,142
Feud Frogmen,98
Fever Empire,158
Fiction Christmas,72
Fiddler Lost,75
Fidelity Devil,118
Fight Jawbreaker,91
Finding Anaconda,156
Fire Wolves,173
Fireball Philadelphia,148
Firehouse Vietnam,103
Fish Opus,125
Flamingos Connecticut,80
Flash Wars,123
Flatliners Killer,100
Flight Lies,179
Flintstones Happiness,148
Floats Garden,145
Flying Hook,69
Fool Mockingbird,158
Forever Candidate,131
Forrest Sons,63
Forrester Comancheros,112
Forward Temple,90
Frankenstein Stranger,159
Freaky Pocus,126
Freddy Storm,65
Freedom Cleopatra,133
French Holiday,99
Frida Slipper,73
Frogmen Breaking,111
Frontier Cabin,183
Frost Head,82
Fugitive Maguire,83
Full Flatliners,94
Fury Murder,178
Gables Metropolis,161
Galaxy Sweethearts,128
Games Bowfinger,119
Gandhi Kwai,86
Gangs Pride,185
Garden Island,80
Gaslight Crusade,106
Gathering Calendar,176
Gentlemen Stage,125
Ghost Groundhog,85
Ghostbusters Elf,101
Giant Troopers,102
Gilbert Pelican,114
Gilmore Boiled,163
Gladiator Westward,173
Glass Dying,103
Gleaming Jawbreaker,89
Glory Tracy,115
Godfather Diary,73
Gold River,154
Goldfinger Sensibility,93
Goldmine Tycoon,153
Gone Trouble,84
Gorgeous Bingo,108
Gosford Donnie,129
Graceland Dynamite,140
Graduate Lord,156
Graffiti Love,117
Grail Frankenstein,85
Grapes Fury,155
Grease Youth,135
Greatest North,93
Greedy Roots,166
Greek Everyone,176
Grinch Massage,150
Grit Clockwork,137
Groove Fiction,111
Groundhog Uncut,139
Gun Bonnie,100
Gunfight Moon,70
Gunfighter Mussolini,127
Guys Falcon,84
Half Outfield,146
Hamlet Wisdom,146
Identity Lover,119
Handicap Boondock,108
Hanging Deep,62
Hanky October,107
Happiness United,100
Hardly Robbers,72
Harold French,168
Harry Idaho,121
Hate Handicap,107
Haunted Antitrust,76
Haunting Pianist,181
Head Stranger,69
Heavyweights Beast,102
Hedwig Alter,169
Hellfighters Sierra,75
High Encino,84
Highball Potter,110
Hills Neighbors,93
Hobbit Alien,157
Hocus Frida,141
Holes Brannigan,128
Holiday Games,78
Hollow Jeopardy,136
Hollywood Anonymous,69
Holocaust Highball,149
Holy Tadpole,88
Home Pity,185
Homeward Cider,103
Homicide Peach,141
Honey Ties,84
Idols Snatchers,84
Hoosiers Birdcage,176
Hope Tootsie,139
Horn Working,95
Horror Reign,139
Hotel Happiness,181
Hours Rage,122
House Dynamite,109
Human Graffiti,68
Hunchback Impossible,151
Hunger Roof,105
Hunter Alter,125
Hunting Musketeers,65
Hustler Party,83
Hyde Doctor,100
Hysterical Grail,150
Ice Crossing,131
Idaho Love,172
Igby Maker,160
Illusion Amelie,122
Image Princess,178
Impact Aladdin,180
Impossible Prejudice,103
Inch Jet,167
Independence Hotel,157
Indian Love,135
Informer Double,74
Innocent Usual,178
Insects Stone,123
Insider Arizona,78
Instinct Airport,116
Intentions Empire,107
Intolerable Intentions,63
Intrigue Worst,181
Invasion Cyclone,97
Ishtar Rocketeer,79
Island Exorcist,84
Italian African,174
Jacket Frisco,181
Jade Bunch,174
Japanese Run,135
Jason Trap,130
Jawbreaker Brooklyn,118
Jaws Harry,112
Jedi Beneath,128
Jeepers Wedding,84
Jeopardy Encino,102
Jericho Mulan,171
Jerk Paycheck,172
Jingle Sagebrush,124
Joon Northwest,105
Jumanji Blade,121
Jumping Wrath,74
Jungle Closer,134
Kane Exorcist,92
Karate Moon,120
Kentuckian Giant,169
Kick Savannah,179
Killer Innocent,161
King Evolution,184
Kiss Glory,163
Kissing Dolls,141
Knock Warlock,71
Kramer Chocolate,171
Lady Stage,67
Ladybugs Armageddon,113
Lambs Cincinatti,144
Language Cowboy,78
Lawless Vision,181
Lawrence Love,175
League Hellfighters,110
Leathernecks Dwarfs,153
Lebowski Soldiers,69
Legally Secretary,113
Lesson Cleopatra,167
Liaisons Sweet,140
Liberty Magnificent,138
License Weekend,91
Lies Treatment,147
Life Twisted,137
Lights Deer,174
Mars Roman,62
Loathing Legally,140
Lock Rear,120
Lola Agent,85
Lolita World,155
Lonely Elephant,67
Lord Arizona,108
Lose Inch,137
Loser Hustler,80
Lost Bird,98
Louisiana Harry,70
Love Suicides,181
Lovely Jingle,65
Lover Truman,75
Loverboy Attacks,162
Luck Opus,152
Lucky Flying,97
Luke Mummy,74
Mask Peach,123
Madigan Dorado,116
Madison Trap,147
Madness Attacks,178
Madre Gables,98
Magic Mallrats,117
Magnolia Forrester,171
Maguire Apache,74
Maiden Home,138
Majestic Floats,130
Maker Gables,136
Malkovich Pet,159
Mallrats United,133
Maltese Hope,127
Manchurian Curtain,177
Mannequin Worst,71
Married Go,114
Masked Bubble,151
Massacre Usual,165
Massage Image,161
Maude Mod,72
Meet Chocolate,80
Memento Zoolander,77
Menagerie Rushmore,147
Mermaid Insects,104
Metal Armageddon,161
Metropolis Coma,64
Microcosmos Paradise,105
Midnight Westward,86
Mighty Luck,122
Mile Mulan,64
Million Ace,142
Minds Truman,149
Mine Titans,166
Miracle Virtual,162
Mission Zoolander,164
Mixed Doors,180
Mob Duffel,105
Mod Secretary,77
Model Fish,175
Modern Dorado,74
Money Harold,135
Monsoon Cause,182
Monster Spartacus,107
Monterey Labyrinth,158
Montezuma Command,126
Moon Bunch,83
Moonshine Cabin,171
Moonwalker Fool,184
Mother Oleander,103
Motions Details,166
Moulin Wake,79
Mourning Purple,146
Mulan Moon,160
Mulholland Beast,157
Mummy Creatures,160
Murder Antitrust,166
Muscle Bright,185
Music Boondock,129
Musketeers Wait,73
Mussolini Spoilers,180
Mystic Truman,92
Name Detective,178
Nash Chocolat,180
National Story,92
Necklace Outbreak,132
Neighbors Charade,161
Nemo Campus,131
Network Peak,75
Newsies Story,159
Newton Labyrinth,75
Nightmare Chill,149
None Spiking,83
North Tequila,67
Northwest Polish,172
Notorious Reunion,128
Novocaine Flight,64
Nuts Ties,145
Oleander Clue,161
Open African,131
Operation Operation,156
Opposite Necklace,92
Opus Ice,102
Orange Grapes,76
Order Betrayed,120
Orient Closer,118
Oscar Gold,115
Others Soup,118
Outbreak Divine,169
Outfield Massacre,129
Outlaw Hanky,148
Oz Liaisons,85
Pacific Amistad,144
Packer Madigan,84
Pajama Jawbreaker,126
Panic Club,102
Panky Submarine,93
Panther Reds,109
Papi Necklace,128
Paris Weekend,121
Park Citizen,109
Party Knock,107
Past Suicides,157
Paths Control,118
Patient Sister,99
Patriot Roman,65
Patton Interview,175
Paycheck Wait,145
Peach Innocent,160
Peak Forever,80
Pearl Destiny,74
Perdition Fargo,99
Perfect Groove,82
Personal Ladybugs,118
Pet Haunting,99
Philadelphia Wife,137
Pianist Outfield,136
Pickup Driving,77
Pinocchio Simon,103
Pirates Roxanne,100
Pittsburgh Hunchback,134
Pizza Jumanji,173
Platoon Instinct,132
Pluto Oleander,84
Pocus Pulp,138
Polish Brooklyn,61
Pollock Deliverance,137
Pond Seattle,185
Poseidon Forever,159
Potluck Mixed,179
Potter Connecticut,115
Prejudice Oleander,98
President Bang,144
Pride Alamo,114
Princess Giant,71
Private Drop,106
Prix Undefeated,115
Psycho Shrunk,155
Pulp Beverly,89
Punk Divorce,100
Pure Runner,121
Purple Movie,88
Queen Luke,163
Quest Mussolini,177
Quills Bull,112
Racer Egg,147
Rage Games,120
Raging Airplane,154
Raiders Antitrust,82
Rainbow Shock,74
Random Go,73
Range Moonwalker,147
Reap Unfaithful,136
Rear Trading,97
Rebel Airport,73
Records Zorro,182
Redemption Comforts,179
Reds Pocus,182
Reef Salute,123
Reign Gentlemen,82
Remember Diary,110
Requiem Tycoon,167
Reservoir Adaptation,61
Resurrection Silverado,117
Reunion Witches,63
Rider Caddyshack,177
Right Cranes,153
River Outlaw,149
Road Roxanne,158
Robbers Joon,102
Robbery Bright,134
Rock Instinct,102
Rocketeer Mother,178
Rocky War,145
Rollercoaster Bringing,153
Roman Punk,81
Roof Champion,101
Roots Remember,89
Roses Treasure,162
Rouge Squad,118
Roxanne Rebel,171
Rugrats Shakespeare,109
Rules Human,153
Run Pacific,145
Runaway Tenenbaums,181
Runner Madigan,101
Rushmore Mermaid,150
Sabrina Midnight,99
Saddle Antitrust,80
Sagebrush Clueless,106
Saints Bride,125
Salute Apollo,73
Samurai Lion,110
Santa Paris,154
Sassy Packer,154
Satisfaction Confidential,75
Saturday Lambs,150
Saturn Name,182
Savannah Town,84
Scalawag Duck,183
Scarface Bang,102
School Jacket,151
Scissorhands Slums,147
Ship Wonderland,104
Scorpion Apollo,137
Sea Virgin,80
Seabiscuit Punk,112
Searchers Wait,182
Seattle Expecations,110
Secret Groundhog,90
Secretary Rouge,158
Secrets Paradise,109
Sensibility Rear,98
Seven Swarm,127
Shane Darkness,93
Shawshank Bubble,80
Shepherd Midsummer,113
Shining Roses,125
Shock Cabin,79
Shootist Superfly,67
Show Lord,167
Shrek License,154
Shrunk Divine,139
Siege Madre,111
Sierra Divide,135
Silence Kane,67
Silverado Goldfinger,74
Sinners Atlantis,126
Sister Freddy,152
Sky Miracle,132
Slacker Liaisons,179
Sleeping Suspects,129
Sleepless Monsoon,64
Sleepy Japanese,137
Sleuth Orient,87
Sling Luke,84
Slipper Fidelity,156
Slums Duck,147
Smoochy Control,184
Snatch Slipper,110
Snatchers Montezuma,74
Snowman Rollercoaster,62
Soldiers Evolution,185
Something Duck,180
Song Hedwig,165
Sons Interview,184
Sorority Queen,184
Soup Wisdom,169
South Wait,143
Speakeasy Date,165
Speed Suit,124
Spice Sorority,141
Spiking Element,79
Spinal Rocky,138
Spirit Flintstones,149
Spirited Casualties,138
Splash Gump,175
Splendor Patton,134
Spoilers Hellfighters,151
Spy Mile,112
Squad Fish,136
Stage World,85
Stagecoach Armageddon,112
Stallion Sundance,130
Stampede Disturbing,75
Star Operation,181
State Wasteland,113
Steel Santa,143
Steers Armageddon,140
Sting Personal,93
Stock Glass,160
Stone Fire,94
Story Side,163
Straight Hours,151
Strangelove Desire,103
Stranger Strangers,139
Tights Dawn,172
Strangers Graffiti,119
Streak Ridgemont,132
Streetcar Intentions,73
Strictly Scarface,144
Submarine Bed,127
Sugar Wonka,114
Suicides Silence,93
Suit Walls,111
Sun Confessions,141
Sundance Invasion,92
Sunrise League,135
Superfly Trip,114
Swarm Gold,123
Sweden Shining,176
Timberland Sky,69
Sweet Brotherhood,185
Sweethearts Suspects,108
Tadpole Park,155
Talented Homicide,173
Tarzan Videotape,91
Taxi Kick,64
Teen Apollo,74
Telegraph Voyage,148
Telemark Heartbreakers,152
Temple Attraction,71
Tenenbaums Command,99
Terminator Club,88
Texas Watch,179
Theory Mermaid,184
Thief Pelican,135
Ties Hunger,111
Titanic Boondock,104
Titans Jerk,91
Tomatoes Hellfighters,68
Tomorrow Hustler,142
Tootsie Pilot,157
Torque Bound,179
Tourist Pelican,152
Towers Hurricane,144
Town Ark,136
Tracy Cider,142
Trading Pinocchio,170
Traffic Hobbit,139
Train Bunch,71
Trainspotting Strangers,132
Tramp Others,171
Translation Summer,168
Trap Guys,110
Treasure Command,102
Treatment Jekyll,87
Trip Newton,64
Troopers Metal,115
Trouble Date,61
Truman Crazy,92
Turn Star,80
Tuxedo Mile,152
Twisted Pirates,152
Tycoon Gathering,82
Unbreakable Karate,62
Uncut Suicides,172
Undefeated Dalmations,107
Unfaithful Kill,78
Unforgiven Zoolander,129
United Pilot,164
Untouchables Sunrise,120
Uprising Uptown,174
Uptown Young,84
Usual Untouchables,128
Vacation Boondock,145
Valley Packer,73
Vampire Whale,126
Vanilla Day,122
Vanished Garden,142
Vanishing Rocky,123
Varsity Trip,85
Velvet Terminator,173
Vertigo Northwest,90
Victory Academy,64
Videotape Arsenic,145
Vietnam Smoochy,174
Villain Desperate,76
Virgin Daisy,179
Virginian Pluto,164
Virtual Spoilers,144
Voice Peach,139
Volcano Texas,157
Volume House,132
Voyage Legally,78
Wagon Jaws,152
Wait Cider,112
Wake Jaws,73
Walls Artist,135
Wanda Chamber,107
War Notting,80
Wardrobe Phantom,178
Warlock Werewolf,83
Wars Pluto,128
Wash Heavenly,161
Wasteland Divine,85
Watch Tracy,78
Waterfront Deliverance,61
Watership Frontier,112
Wedding Apollo,70
Weekend Personal,134
Werewolf Lola,79
West Lion,159
Whale Bikini,109
Wife Turn,183
Wild Apollo,181
Willow Tracy,137
Wind Phantom,111
Window Side,85
Wisdom Worker,98
Witches Panic,100
Wizard Coldblooded,75
Women Dorado,126
Won Dares,105
Wonderful Drop,126
Wonderland Christmas,111
Wonka Sea,85
Words Hunter,116
Worker Tarzan,139
Working Microcosmos,74
World Leathernecks,171
Worst Banger,185
Wrath Mile,176
Wrong Behavior,178
Wyoming Storm,100
Yentl Idaho,86
Young Language,183
Youth Kick,179
Zhivago Core,105
Zoolander Fiction,101
